created_utc,score,subreddit,title,url
2025-10-01 23:42:16,12,funny,Expectation vs reality,https://i.redd.it/32.jpg
2025-10-02 02:37:12,1209,teenagers,Expectation vs reality,https://tenor.com/29.jpg
2025-10-02 22:02:15,1082,funny,Expectation vs reality,https://imgflip.com/i/40
2025-10-03 04:40:57,1502,funny,Expectation vs reality,https://i.redd.it/33.jpg
2025-10-03 11:47:40,1429,memes,Expectation vs reality,https://i.imgur.com/13.jpg
2025-10-05 04:00:17,862,funny,Expectation vs reality,https://i.imgur.com/1.jpg
2025-10-05 05:53:23,3326,teenagers,Expectation vs reality,https://imgflip.com/i/30
2025-10-07 11:38:23,4262,funny,Expectation vs reality,https://i.imgur.com/11.jpg
2025-10-08 06:40:35,2510,aww,Expectation vs reality,https://tenor.com/9.jpg
2025-10-08 13:20:26,179,pics,Expectation vs reality,https://tenor.com/33.jpg
2025-10-09 02:52:20,1397,aww,Expectation vs reality,https://i.imgur.com/20.jpg
2025-10-11 02:01:08,1137,teenagers,Expectation vs reality,https://i.reddituploads.com/15.jpg
2025-10-11 11:12:54,77,aww,Expectation vs reality,https://i.imgur.com/3.jpg
2025-10-11 23:27:58,2396,AdviceAnimals,Expectation vs reality,https://i.redd.it/24.jpg
2025-10-15 08:21:17,686,pics,Expectation vs reality,https://i.reddituploads.com/16.jpg
2025-10-15 10:01:24,3699,aww,Expectation vs reality,https://i.redd.it/7.jpg
2025-10-15 15:37:35,3863,memes,Expectation vs reality,https://imgflip.com/i/1
2025-10-15 21:26:16,640,teenagers,Expectation vs reality,https://i.redd.it/23.jpg
2025-10-15 23:02:50,922,memes,Expectation vs reality,https://i.redd.it/36.jpg
2025-10-16 03:43:21,3788,AdviceAnimals,Expectation vs reality,https://imgflip.com/i/34
2025-10-16 04:15:30,3191,AdviceAnimals,Expectation vs reality,https://tenor.com/7.jpg
2025-10-16 14:49:57,4671,funny,Expectation vs reality,https://i.reddituploads.com/1.jpg
2025-10-16 17:49:57,1717,memes,Expectation vs reality,https://i.reddituploads.com/32.jpg
2025-10-18 01:20:23,1677,pics,Expectation vs reality,https://i.reddituploads.com/3.jpg
2025-10-18 08:45:41,4556,aww,Expectation vs reality,https://i.imgur.com/19.jpg
2025-10-19 20:10:43,4689,memes,Expectation vs reality,https://i.imgur.com/25.jpg
2025-10-19 22:26:19,3700,pics,Expectation vs reality,https://tenor.com/33.jpg
2025-10-19 23:19:01,4117,teenagers,Expectation vs reality,https://tenor.com/13.jpg
2025-10-21 07:36:31,549,memes,Expectation vs reality,https://tenor.com/34.jpg
2025-10-22 23:07:46,1693,memes,Expectation vs reality,https://imgflip.com/i/35
2025-10-23 06:26:26,576,teenagers,Expectation vs reality,https://i.imgur.com/16.jpg
2025-10-23 19:13:19,2678,AdviceAnimals,Expectation vs reality,https://i.redd.it/29.jpg
2025-10-24 01:15:56,4448,pics,Expectation vs reality,https://i.redd.it/8.jpg
2025-10-25 12:40:09,1383,aww,Expectation vs reality,https://tenor.com/35.jpg
2025-10-26 01:32:46,1828,AdviceAnimals,Expectation vs reality,https://tenor.com/16.jpg
2025-10-26 08:44:14,974,pics,Expectation vs reality,https://imgflip.com/i/11
2025-10-26 15:08:30,4397,pics,Expectation vs reality,https://i.reddituploads.com/4.jpg
2025-10-26 19:21:41,3180,AdviceAnimals,Expectation vs reality,https://tenor.com/16.jpg
2025-10-26 22:08:14,4890,pics,Expectation vs reality,https://tenor.com/36.jpg
2025-10-27 14:10:45,3845,pics,Expectation vs reality,https://imgflip.com/i/11
2025-10-27 20:19:38,4742,memes,Expectation vs reality,https://i.redd.it/29.jpg
2025-10-28 03:46:42,395,pics,Expectation vs reality,https://i.imgur.com/1.jpg
2025-10-29 19:24:34,4059,aww,Expectation vs reality,https://i.reddituploads.com/37.jpg
2025-10-29 20:51:58,3645,funny,Expectation vs reality,https://imgflip.com/i/31
2025-10-30 12:28:10,889,teenagers,Expectation vs reality,https://i.redd.it/22.jpg
2025-10-30 13:03:41,3683,pics,Expectation vs reality,https://i.imgur.com/32.jpg
